8fce013b-9cab-424e-a3f6-ffdba3dacf8d.txt,https://newspunch.com/doctor-warns-vegan-diets-mental-retardation/,newspunch.com,Not-Real-Other
3856638a-88f0-49f4-9a87-5ff4f823bf6d.txt,https://newspunch.com/humans-detect-events-seconds-before-occur/,newspunch.com,Not-Real-Other
520fdfb4-59c5-4abe-a1d9-9b40691a93bd.txt,https://newspunch.com/us-world-sex-trafficking-obama/,newspunch.com,Not-Real-Other
a93c15a0-0e78-49ed-a901-d7aa66b227b5.txt,https://newspunch.com/oprah-faith-healer-raped-hundreds-women/,newspunch.com,Not-Real-Other
99d0ca42-c1fa-4e01-b73d-b8af89fba989.txt,https://newspunch.com/fbi-began-spying-aaron-swartz-earlier-than-thought/,newspunch.com,Not-Real-Other
1ff7a626-3957-41a4-9b06-c734c9d65cea.txt,https://newspunch.com/florida-hospital-refuses-to-treat-unvaccinated-children/,newspunch.com,Not-Real-Other
1338d607-2b8e-4c89-b5c2-3bdfedfd2b1f.txt,https://newspunch.com/south-african-leader-kill-white-women-children/,newspunch.com,Not-Real-Other
2a9b2257-3790-4ff2-b16f-e53aebdc0d2e.txt,https://newspunch.com/italy-migration-un-open-borders/,newspunch.com,Not-Real-Other
afc1dc6f-8b03-44ad-9d53-bcb6c4b485b6.txt,https://newspunch.com/macron-islamic-terrorists-paris-burns/,newspunch.com,Not-Real-Other
380c9c0b-b4e2-444a-89f5-f6c6106749a0.txt,https://newspunch.com/saying-he-she-illegal-australia-transgender-law/,newspunch.com,Not-Real-Other
f76b8bd5-c151-44fe-993c-1ac7dc45b13b.txt,https://o4anews.com/report-missing-sex-trafficked-kids-us-foster-care/,o4anews.com,Not-Real-Other
ff4fc143-32d8-4543-9b37-1e6f0aa801b4.txt,https://o4anews.com/stockton-california-communism/,o4anews.com,Not-Real-Other
466e9fcb-16a1-406b-8325-11eb808a964f.txt,https://o4anews.com/abortion-felony-kentucky-bill/,o4anews.com,Not-Real-Other
e286f471-ac66-4869-9a9e-da5dd863e777.txt,https://o4anews.com/mueller-witch-hunt-25000000-trump-russia-collusion/,o4anews.com,Not-Real-Other
998e446d-e3b8-4ae2-bef1-0b097179b347.txt,https://o4anews.com/trump-democrats-john-edwards/,o4anews.com,Not-Real-Other
33aff1a1-db59-48e0-80fb-f3b0d36c52b3.txt,https://o4anews.com/republicans-happily-married-democrats/,o4anews.com,Not-Real-Other
b14ef5a7-0581-4045-9f46-76b982c3c5fc.txt,https://o4anews.com/perez-christians-stupid-pelosi-booming-economy-failing/,o4anews.com,Not-Real-Other
7778e4d5-888c-407d-aa93-c3fbf3ac6b7c.txt,https://o4anews.com/clinton-foundation-whistle-blower-hillary-prison/,o4anews.com,Not-Real-Other
618109e7-e1d9-4d40-b652-53937f9ee137.txt,https://o4anews.com/russia-nuclear-bomber-base-venezuela/,o4anews.com,Not-Real-Other
0e506028-00fe-4425-a02b-b1dbd3c49bef.txt,https://o4anews.com/caravan-criminal-extortion-50000-each/,o4anews.com,Not-Real-Other
cb7ccb98-994c-44a0-afb3-258b7ca3b9f3.txt,https://www.theonion.com/cia-issues-posthumous-apology-after-new-evidence-clears-1831607536,www.theonion.com,Not-Real-Statire
2f5b5935-e0df-424f-a533-979d3455de1c.txt,https://www.theonion.com/it-s-not-an-easy-thing-to-admit-when-you-re-wrong-and-1831546390,www.theonion.com,Not-Real-Statire
5cde179c-c04e-4914-bc00-4a489bf090ea.txt,https://sports.theonion.com/study-most-concussions-can-be-prevented-by-wearing-sec-1831266194,sports.theonion.com,Not-Real-Statire
6d195a84-c593-4f8d-bcb8-95aea6f0a95f.txt,https://www.theonion.com/charity-notes-even-one-dollar-can-help-a-needy-child-bu-1831264088,www.theonion.com,Not-Real-Statire
11d99245-c762-4135-ae24-163a8b473730.txt,https://politics.theonion.com/white-house-ficus-to-leave-for-virginia-arboretum-after-1830989844,politics.theonion.com,Not-Real-Statire
98bec117-295c-4a7c-9603-1f04031fcce6.txt,https://politics.theonion.com/nation-not-sure-how-many-ex-trump-staffers-it-can-safel-1823468346,politics.theonion.com,Not-Real-Statire
f7819256-b0e0-435d-b8d4-bb03e771be6e.txt,https://politics.theonion.com/exhausted-robert-mueller-turns-off-phone-to-give-himsel-1831260409,politics.theonion.com,Not-Real-Statire
c11849b7-3d87-4b4a-a010-8a167e8ecfcd.txt,https://sports.theonion.com/mlb-hoping-to-boost-attendance-at-league-meetings-with-1830991212,sports.theonion.com,Not-Real-Statire
e4f1306d-683f-4f0d-aebd-8857700d95a4.txt,https://sports.theonion.com/study-most-concussions-can-be-prevented-by-wearing-sec-1831266194,sports.theonion.com,Not-Real-Statire
2dd8b612-ecee-43ea-87ff-ec867c1283ee.txt,https://sports.theonion.com/joe-buck-tears-rotator-cuff-after-awkward-throw-down-to-1831265950,sports.theonion.com,Not-Real-Statire
10688f33-cd6f-486f-95dd-7ca465ddf410.txt,https://www.cnn.com/2019/01/14/politics/trump-russia-mueller/index.html,www.cnn.com,Real
48b50d14-0faf-47b7-8325-17ea66b9e7a5.txt,https://www.cnn.com/2019/01/14/politics/william-barr-mueller/index.html,www.cnn.com,Real
0bc3e09b-1c79-4c5a-a635-40b15e73f390.txt,https://www.cnn.com/2019/01/13/health/james-watson-honors-stripped-intl/index.html,www.cnn.com,Real
834752f6-8713-475c-9041-669d151f8556.txt,https://www.cnn.com/2019/01/13/americas/12-arrested-in-costa-rican-kidnapping-scheme/index.html,www.cnn.com,Real
e570ab28-6afb-4ab9-b509-3a3adc13e9e7.txt,https://www.cnn.com/business/live-news/stock-market-news-today-01-14-19/h_f21fec9a3f28738a23638c7a89610c8b,www.cnn.com,Real
6d79d203-0b2e-4564-bc6c-b957e5bb9a0c.txt,https://www.cnn.com/2019/01/14/business/volkswagen-tennessee-plant/index.html,www.cnn.com,Real
7a8ef3c3-0d0e-4d1e-acc3-360335609ce3.txt,https://www.cnn.com/2019/01/13/health/california-mass-drug-overdose/index.html,www.cnn.com,Real
d1da8a13-8b49-4e10-bd35-b7a0ea90c552.txt,https://www.cnn.com/2019/01/09/health/romaine-lettuce-e-coli-outbreak-over-bn/index.html,www.cnn.com,Real
3565995f-16b1-4ac1-a787-e9278617ddef.txt,https://www.cnn.com/2019/01/14/us/ups-active-shooter-logan-township-new-jersey/index.html,www.cnn.com,Real
a4cc04e2-0591-4c42-9e40-689d8c8fd945.txt,https://www.cnn.com/2019/01/14/us/officers-shot-dead/index.html,www.cnn.com,Real
b20dc7f6-8d1e-448f-a807-58d786d59e17.txt,https://www.forbes.com/sites/kerryadolan/2019/01/09/fewer-billionaires-poorer-billionaires-on-african-continent-in-2019/#12d8919a71a6,www.forbes.com,Real
bf6b9db1-ec25-4800-afc4-8a3ff584aa9c.txt,https://www.forbes.com/sites/kristinstoller/2019/01/14/rise-of-the-robochef-how-4-young-entrepreneurs-built-a-25m-futuristic-restaurant-startup/#7058759e7a32,www.forbes.com,Real
e25fd80a-8870-4107-9f31-d65aabeafcf8.txt,https://www.forbes.com/sites/randybrown/2019/01/14/stock-market-tantrums-are-over-but-for-how-long/#7fe982ea6cd2,www.forbes.com,Real
5c803c32-cb2a-4c83-a74d-7158d3f25509.txt,https://www.forbes.com/sites/johndorfman/2019/01/14/8-stocks-analysts-most-love-and-most-hate/#41c9a1b84b4c,www.forbes.com,Real
a442b058-66c2-4c54-94e6-dd2a58dbfb5f.txt,https://www.forbes.com/sites/stuartanderson/2019/01/14/what-did-donald-trumps-tweet-about-h-1b-visas-mean/#737a45af6ffc,www.forbes.com,Real
315ca093-273b-476a-b373-fa1d47c3288a.txt,https://www.forbes.com/sites/robinandrews/2019/01/12/here-is-the-breathtaking-first-panorama-of-the-far-side-of-the-moon/#18eab1aa4579,www.forbes.com,Real
ed053c66-8aa0-4139-85d6-df59cc678ebf.txt,https://www.forbes.com/sites/brittainladd/2019/01/13/mackenzies-revenge-can-the-soon-to-be-former-wife-of-jeff-bezos-wreak-havoc-on-amazon/#428ab9f0494b,www.forbes.com,Real
1cdf8094-7edf-4c35-b312-601111acff65.txt,https://www.forbes.com/sites/tanyaklich/2019/01/09/gary-vaynerchuk-what-entrepreneurs-should-know-before-pitching-in-2019/#144b95a85cab,www.forbes.com,Real
053467df-d7ce-483c-b412-9bafb615f738.txt,https://www.forbes.com/sites/ericmack/2019/01/10/there-is-no-climate-slowdown-earths-oceans-are-heating-up-faster-than-previously-reported/#137c3a7a21b4,www.forbes.com,Real
1a417114-c9a0-4289-892e-9f38fd49ed96.txt,https://www.forbes.com/sites/startswithabang/2019/01/08/supermoon-lunar-eclipse-to-become-the-first-pan-american-total-eclipse-in-19-years/#577c4c44da3e,www.forbes.com,Real
eff80b36-639e-49e2-918a-b1a0125020a7.txt,https://news.harvard.edu/gazette/story/2019/01/three-from-harvard-earn-international-rhodes-scholarships/,news.harvard.edu,Real
32f85dc4-1c4e-41f0-8fea-22988275dc8b.txt,https://news.harvard.edu/gazette/story/2019/01/perspectives-on-gene-editing/,news.harvard.edu,Real
20c7856c-003d-4a61-86fc-098fe2fb32cb.txt,https://news.harvard.edu/gazette/story/2019/01/researchers-able-to-determine-the-effects-of-genes-and-environment-in-560-common-conditions/,news.harvard.edu,Real
ff033490-9e9c-49bd-9afc-dbdb4775059c.txt,https://news.harvard.edu/gazette/story/newsplus/lead-levels-too-high-in-many-u-s-schools/,news.harvard.edu,Real
b2512af2-e124-4f0c-811a-29d1af999932.txt,https://news.harvard.edu/gazette/story/newsplus/swapping-sweeteners-may-reduce-disease-risk-but-water-is-better/,news.harvard.edu,Real
777ab093-6cc4-42dd-a634-d4064a984fe0.txt,https://news.harvard.edu/gazette/story/newsplus/a-decades-long-legacy-of-protecting-workers-health/,news.harvard.edu,Real
5146ad4e-e512-48f8-943e-dac4bbcc91a0.txt,https://news.harvard.edu/gazette/story/newsplus/new-ali-faculty-chair-welcomes-record-breaking-cohort/,news.harvard.edu,Real
37221c07-5932-4d0a-9b02-ef8c55fd4c29.txt,https://news.harvard.edu/gazette/story/newsplus/cooper-gallery-and-ham-among-best-exhibitions-in-us/,news.harvard.edu,Real
27df09b6-4bb5-4448-8bbc-f053e18c4a52.txt,https://news.harvard.edu/gazette/story/newsplus/arctic-initiative-fellowship-accepting-applications/,news.harvard.edu,Real
faa1756b-b018-4063-ba10-431841606f52.txt,https://news.harvard.edu/gazette/story/newsplus/sanes-receives-perl-unc-neuroscience-prize/,news.harvard.edu,Real
9ee7d766-699e-468e-a8d9-ed5cb8b68f33.txt,https://www.clickhole.com/that-was-fast-roger-stone-has-already-had-a-religious-1832062978,www.clickhole.com,Not-Real-Statire
c60cd103-488a-4df8-97f1-c89a17d1723d.txt,https://www.clickhole.com/all-done-now-a-team-of-archaeologists-has-discovered-a-1832060824,www.clickhole.com,Not-Real-Statire
3f8159fb-34e7-4119-90ce-7eeab4ff774f.txt,https://www.clickhole.com/self-care-ftw-this-new-app-sends-you-daily-reminders-t-1831242783,www.clickhole.com,Not-Real-Statire
3af92124-b60b-47bc-884a-a4ad67363b3c.txt,https://www.clickhole.com/total-rebrand-justin-bieber-has-announced-that-he-s-go-1832060847,www.clickhole.com,Not-Real-Statire
a1e30328-3d34-4f7e-bdf2-d1d5ca29f438.txt,https://www.clickhole.com/inclusivity-win-the-word-problem-at-the-end-of-this-ma-1831262435,www.clickhole.com,Not-Real-Statire
0800538f-691e-44d0-838f-783e9f50a131.txt,https://www.clickhole.com/more-dysfunction-the-secret-service-just-accidentally-1831257051,www.clickhole.com,Not-Real-Statire
f10640f7-392c-4a16-a254-af9964cd4e1c.txt,https://www.clickhole.com/overstepping-their-bounds-cnn-has-begun-sending-way-to-1831157144,www.clickhole.com,Not-Real-Statire
70e0189b-052f-4e60-a40a-183c436877b4.txt,https://www.clickhole.com/self-defense-ftw-this-woman-likes-to-think-that-she-co-1831264049,www.clickhole.com,Not-Real-Statire
293681f3-922e-4241-ac5c-44502f961b8e.txt,https://www.clickhole.com/beautiful-this-organization-takes-stray-dogs-off-the-s-1831985880,www.clickhole.com,Not-Real-Statire
6f67a599-729e-4768-af67-463e47331ae5.txt,https://www.clickhole.com/tweet-for-everything-in-2009-donald-trump-tweeted-tha-1831985935,www.clickhole.com,Not-Real-Statire
5d6b9f4e-1c64-485b-85b8-864013084782.txt,http://www.blingnews.com/california-judge-orders-porn-star-to-pay-trump-legal-fees/,www.blingnews.com,Not-Real-Other
1dafc5e3-932a-4810-abc8-73d2aab9fa00.txt,http://www.blingnews.com/oops-newly-elected-muslim-congresswoman-didnt-disclose-funding-she-received-from-george-soros-2/,www.blingnews.com,Not-Real-Other
34dd525c-483f-445e-8666-4d6a089c1d4b.txt,http://www.blingnews.com/kathy-griffin-calls-for-doxxing-high-school-kids-i-want-names-shame-them/,www.blingnews.com,Not-Real-Other
df4b59a8-0cc9-4d3b-8c24-e5d03169c219.txt,http://www.blingnews.com/covington-catholic-high-school-student-nick-sandmann-i-was-not-going-to-become-angry-i-am-a-faithful-christian/,www.blingnews.com,Not-Real-Other
865d1266-180d-4485-bd65-4989a1f41765.txt,http://www.blingnews.com/freshman-democrats-turn-on-pelosi-over-border-wall-seek-deal-with-trump/,www.blingnews.com,Not-Real-Other
57c413f7-6633-42f8-97ad-fb31863a6eed.txt,http://www.blingnews.com/update-dwayne-johnson-slams-snowflake-generation-always-looking-for-a-reason-to-be-offended/,www.blingnews.com,Not-Real-Other
c0a12282-b9c5-4376-8101-532c885e47b2.txt,http://www.blingnews.com/alexandria-ocasio-cortez-rashida-tlaib-lose-fight-for-influential-house-committee-seats/,www.blingnews.com,Not-Real-Other
0f42a9f2-d3e2-4fad-b0d1-572429f2d11a.txt,http://www.blingnews.com/cher-rips-chuck-and-nancy-over-shutdown-youre-putting-lives-in-danger/,www.blingnews.com,Not-Real-Other
c1289628-90e1-4abc-944b-981b2c18ba64.txt,http://www.blingnews.com/democratic-socialist-alexandria-ocasio-cortez-fined-by-new-york-for-failing-to-provide-workers-comp/,www.blingnews.com,Not-Real-Other
23b62f60-4895-4d94-a9d6-46c48d403897.txt,http://www.blingnews.com/pelosi-schumer-rebuttal-mocked-for-wooden-delivery-weird-staging/,www.blingnews.com,Not-Real-Other
235c20ca-2246-40a6-a2c4-99550abc945a.txt,http://donaldtrumpnews.co/news/right-leaving-james-comey-told-senator-grassley-secret-trumpdemocrats-lied/,donaldtrumpnews.co,Not-Real-Other
098fdc48-9307-456e-98ff-ff63db2642da.txt,http://donaldtrumpnews.co/news/just-top-democrat-found-guilty-facing-300-years-prison/,donaldtrumpnews.co,Not-Real-Other
6434d0d8-2853-4262-9d30-3b89c364db0d.txt,http://donaldtrumpnews.co/news/alert-fbi-issues-terrifying-warning-confirms-trump-right-along/,donaldtrumpnews.co,Not-Real-Other
a3fbb4c6-9463-4f0f-a175-d41d41bdec82.txt,http://donaldtrumpnews.co/news/alert-600-million-terrorist-money-trail-leads-straight-barack-h-obama/,donaldtrumpnews.co,Not-Real-Other
de62de22-7d08-44ae-9fbc-eb0559c5d75d.txt,http://donaldtrumpnews.co/news/maxine-waters-just-attacked-trump-pulled-secret-weapon-knocked/,donaldtrumpnews.co,Not-Real-Other
22fb51ba-5504-4f6c-a0dd-e1b4c98dc0fe.txt,http://donaldtrumpnews.co/news/trump-just-made-russia-agree-something-inconceivable-meeting-today/,donaldtrumpnews.co,Not-Real-Other
d9083f1b-2f95-48fe-b522-61d4248bdfd7.txt,http://donaldtrumpnews.co/news/duck-dynasty-family-just-suffered-devastating-loss-lost-battle-cancer/,donaldtrumpnews.co,Not-Real-Other
a1d667c1-8d12-4604-b2b3-093da87b5f26.txt,http://donaldtrumpnews.co/news/whoopi-runs-big-ugly-mouth-trump-gets-shut-immediately/,donaldtrumpnews.co,Not-Real-Other
c98f060b-47ef-47d6-bf2e-6419bab58ee0.txt,http://donaldtrumpnews.co/news/right-trump-fired-comey-trey-gowdy-got-best-news-imaginable/,donaldtrumpnews.co,Not-Real-Other
24ecfe03-ed7f-4041-92d1-b23397aaf2d4.txt,http://donaldtrumpnews.co/news/boom-race-baiter-colin-kaepernick-just-got-exactly-deserves/,donaldtrumpnews.co,Not-Real-Other
ef913e41-9e57-4843-9de1-9ebab94a6173.txt,https://en-volve.com/2019/01/27/is-marco-rubio-out-of-his-ever-loving-mind-says-he-will-fight-trump-on-border-wall-strategy/,en-volve.com,Not-Real-Other
94ce93b7-536d-4f06-9128-971719558f68.txt,https://en-volve.com/2019/01/27/nancy-pelosi-brags-about-victory-over-trump-claims-she-easily-manipulated-him-into-short-term-reopening/,en-volve.com,Not-Real-Other
6376c17c-8230-468d-8d47-d679388744a9.txt,https://en-volve.com/2019/01/27/remember-this-in-2020-democrats-cost-americans-several-times-more-than-what-trump-asked-for-by-refusing-to-fund-the-wall/,en-volve.com,Not-Real-Other
6a535fa0-0401-431b-9e1e-f20dd982f236.txt,https://en-volve.com/2019/01/27/it-only-took-five-cool-minutes-for-ted-cruz-to-unravel-every-democrat-hypocrisy-over-border-wall-funding/,en-volve.com,Not-Real-Other
980e57f6-fc04-4fb9-8763-87f1f99547c7.txt,https://en-volve.com/2019/01/27/god-save-us-cnbc-seeks-to-demonize-children-to-encourage-abortions/,en-volve.com,Not-Real-Other
cf84f4aa-854d-480b-a008-935ab974a94e.txt,https://en-volve.com/2019/01/27/unchecked-immigration-leads-to-literal-hell-on-earth-for-young-girls-in-uk/,en-volve.com,Not-Real-Other
cbacef07-89fa-4477-8e47-a617ba94da66.txt,https://en-volve.com/2019/01/27/wow-home-depot-co-founder-nukes-socialism-calls-out-the-warped-reality-in-ocasio-cortezs-mind/,en-volve.com,Not-Real-Other
3e04449a-8851-486a-a76a-acbc875a9ecc.txt,https://en-volve.com/2019/01/27/sarah-sanders-hits-democrats-with-a-bold-ultimatum-the-wall-will-be-built-with-or-without-democrats/,en-volve.com,Not-Real-Other
4bcef373-6cad-43cf-aff0-ac13889f1026.txt,https://en-volve.com/2019/01/27/sarah-sanders-hits-democrats-with-a-bold-ultimatum-the-wall-will-be-built-with-or-without-democrats/,en-volve.com,Not-Real-Other
e8381d64-631d-4922-870c-5f0561a582f0.txt,https://en-volve.com/2019/01/27/youll-roll-your-eyes-as-alexandira-ocasio-cortez-laments-over-americans-working-hard-for-what-they-want-this-is-not-normal/,en-volve.com,Not-Real-Other
1cd21a58-d48e-4260-863e-e49d99e5b6c3.txt,http://freepatriotpost.com/crazy-news/the-old-woman-who-was-attacked-by-liberal-thugs-is-bravely-speaking-out/,freepatriotpost.com,Not-Real-Other
d6712560-326e-4053-a98b-85b4a5e6d5b1.txt,http://freepatriotpost.com/crazy-news/they-reeled-in-what-they-thought-was-a-whopper-of-a-fish-when-it-surfaced-they-knew-they-were-in-trouble/,freepatriotpost.com,Not-Real-Other
c4deccb5-148c-4f03-a7e7-291b51f7de17.txt,http://freepatriotpost.com/crazy-news/halle-berrys-crying-high-school-racism-but-her-classmates-are-setting-the-record-straight/,freepatriotpost.com,Not-Real-Other
911c58f6-937f-402d-bf8d-5492abf59ac1.txt,http://freepatriotpost.com/culture/a-new-study-has-been-released-that-shreds-the-fight-for-15-people-to-pieces/,freepatriotpost.com,Not-Real-Other
1486362d-0be2-4802-bf3b-16122a9f15ca.txt,http://freepatriotpost.com/evergreen/liberal-protesters-went-to-desecrate-a-confederate-statue-just-one-small-tiny-problem/,freepatriotpost.com,Not-Real-Other
251ca1ca-18ae-4d96-9479-61671f9c1562.txt,http://freepatriotpost.com/liberal-hypocrisy/rush-drops-an-absolute-truth-bomb-about-the-liberals-in-charlottesville/,freepatriotpost.com,Not-Real-Other
fa28ec48-d6a9-48ab-9323-04eb76b6e9ec.txt,http://freepatriotpost.com/crazy-news/the-wh-petition-to-label-antifa-a-terrorist-org-has-reached-an-amazing-number-of-signatures/,freepatriotpost.com,Not-Real-Other
6c1c2c31-98d0-44c4-8924-0d8c01ff60fb.txt,http://freepatriotpost.com/crime/president-trump-has-had-enough-and-says-it-is-time-to-ditch-mitch/,freepatriotpost.com,Not-Real-Other
d64703da-88bd-407c-a3fe-e95fa69d6783.txt,http://freepatriotpost.com/crazy-news/a-thief-tried-to-steal-a-martial-artists-car-he-got-caught-and-paid-a-very-big-price/,freepatriotpost.com,Not-Real-Other
c154399a-0e89-46ff-a824-38f999c18e59.txt,http://freepatriotpost.com/crazy-news/hillary-came-out-of-hiding-and-got-hit-with-an-embarrassing-reality-on-the-streets-of-new-york/,freepatriotpost.com,Not-Real-Other
31ecb415-45bc-4bff-93dc-3a9f08a85f7a.txt,http://www.hillarybeattrump.org/home/2017/11/16/harvey-weinstein-found-dead-in-hotel-bathroom-masseur-says-she-acted-in-self-defense,www.hillarybeattrump.org,Not-Real-Statire
87b4b8fe-b141-4412-a674-3b8c17b70b2b.txt,http://www.hillarybeattrump.org/home/2017/11/8/malcolm-gladwell-reluctantly-nominates-himself-for-the-mcarthur-genius-grant,www.hillarybeattrump.org,Not-Real-Statire
a59694ec-86ce-4c55-b27c-3001d08b3af6.txt,http://www.hillarybeattrump.org/home/2017/12/12/alabama-election-officials-turn-roy-moore-away-because-of-polling-stations-close-proximity-to-a-junior-high-school,www.hillarybeattrump.org,Not-Real-Statire
9214b366-55d1-444c-a3d2-79a54e4149df.txt,http://www.hillarybeattrump.org/home/2017/11/16/trump-hires-prostitutes-to-urinate-to-hide-his-own-pee-stains,www.hillarybeattrump.org,Not-Real-Statire
424dbc93-bfde-4025-9e1a-e2f114b70a10.txt,http://www.hillarybeattrump.org/home/2017/11/16/ayn-rands-estate-accuses-paul-ryan-of-necrophilia,www.hillarybeattrump.org,Not-Real-Statire
dc94f91a-a478-43a1-8fec-19c312d3ce4a.txt,http://www.hillarybeattrump.org/home/2018/4/14/porn-star-heidi-lovelust-admits-to-pen-pal-relationship-with-president-hillary-clinton-calling-their-letters-respectful-and-warm,www.hillarybeattrump.org,Not-Real-Statire
bb1749be-d34c-4a3b-9b8d-a96864b4ffa6.txt,http://www.hillarybeattrump.org/home/2018/7/9/pro-baby-clinton-abolishes-ice-noting-she-was-always-the-candidate-with-family-values,www.hillarybeattrump.org,Not-Real-Statire
0e7c2b2e-d10d-4d6e-95c5-6991aff941c3.txt,http://www.hillarybeattrump.org/home/2017/1/10/michelle-and-barack-obama-to-fill-both-supreme-court-vacancies,www.hillarybeattrump.org,Not-Real-Statire
8581ae26-2f65-4b16-a847-6c5ddf27c3d5.txt,http://www.hillarybeattrump.org/home/2018/9/6/fifth-and-sixth-graders-erupt-in-violentprotest-aftergen-mattis-comparesthem-to-trump-arguing-trump-is-a-human-abomination-that-defies-age,www.hillarybeattrump.org,Not-Real-Statire
dd30bdc3-ec87-4622-b215-7760ec08b996.txt,http://www.hillarybeattrump.org/home/2017/12/6/franken-refuses-to-resign-but-offers-to-switch-parties,www.hillarybeattrump.org,Not-Real-Statire
c11f84bd-13e0-477e-92d2-5417cae61bba.txt,http://thesciencepost.com/gillette-to-team-up-with-cdc-clinton-foundation-to-take-away-your-guns/,thesciencepost.com,Not-Real-Statire
c1eb2fe1-af4d-4f81-bd66-bd10cf46de4c.txt,http://thesciencepost.com/merck-to-add-glyphosate-to-vaccines-in-huge-deal-with-monsanto/,thesciencepost.com,Not-Real-Statire
d6aff81e-088d-4c74-80e3-edfe85928336.txt,http://thesciencepost.com/big-pharma-hides-cure-for-cancer-again/,thesciencepost.com,Not-Real-Statire
5fd6bfb7-05cb-4fb6-8cbe-a1a1de756f9e.txt,http://thesciencepost.com/breaking-anti-vaccers-are-actually-paid-pharma-shills/,thesciencepost.com,Not-Real-Statire
eedb1a3f-32f7-4592-adc6-5c2aac608271.txt,http://thesciencepost.com/new-poll-shows-karen-from-facebook-more-credible-than-cdc-fda-who/,thesciencepost.com,Not-Real-Statire
616d551d-0392-4235-91f5-e58263c5a323.txt,http://thesciencepost.com/study-concludes-its-still-ok-to-blame-obama-or-monsanto-for-another-year/,thesciencepost.com,Not-Real-Statire
afbbdbca-77bb-4398-9af2-265b5e0d6f18.txt,http://thesciencepost.com/vp-mike-pence-the-space-force-is-6000-years-in-the-making/,thesciencepost.com,Not-Real-Statire
761000ec-5325-4b8b-84a8-62d64e23ea5a.txt,http://thesciencepost.com/fda-approves-new-18-in-1-childhood-vaccine/,thesciencepost.com,Not-Real-Statire
6313ea06-80cf-4749-ae99-47ccc6587237.txt,http://thesciencepost.com/study-shows-80-of-naturopaths-were-rejected-from-real-med-school-first/,thesciencepost.com,Not-Real-Statire
3c6467e2-844d-4687-bec2-a5bf8b51f1c7.txt,http://thesciencepost.com/anti-vaccers-petition-to-have-mercury-removed-from-solar-system/,thesciencepost.com,Not-Real-Statire
a2e608b4-f119-418a-a175-ddfd2d49b6b3.txt,https://rochdaleherald.co.uk/2019/01/24/newspaper-that-regularly-features-princess-dianas-ghost-denies-allegations-of-fake-news/,rochdaleherald.co.uk,Not-Real-Statire
887c5689-cc65-48d3-a3bb-7b72e1e401a2.txt,https://rochdaleherald.co.uk/2019/01/23/stop-calling-liars-lying-racist-shitsticks-tell-microsoft/,rochdaleherald.co.uk,Not-Real-Statire
82742b67-c941-42ec-9090-91422909144a.txt,https://rochdaleherald.co.uk/2019/01/18/twat-on-train-unaware-theyre-twats/,rochdaleherald.co.uk,Not-Real-Statire
3a1f99fa-cba6-46af-855b-ded21a741b4a.txt,https://rochdaleherald.co.uk/2019/01/17/philip-declared-fit-work-by-atos/,rochdaleherald.co.uk,Not-Real-Statire
aafc85c5-ba53-471f-b240-6fdaf0ce95f9.txt,https://rochdaleherald.co.uk/2019/01/17/man-who-claims-he-will-talk-to-anyone-to-solve-problems-refuses-to-talk-to-someone-to-solve-a-problem/,rochdaleherald.co.uk,Not-Real-Statire
f6c101ae-9070-434d-b12f-77f61ea56c8c.txt,https://rochdaleherald.co.uk/2019/01/16/i-dont-shave-cos-im-a-gillette-john-claims-heil-vis-clad-neon-nazi/,rochdaleherald.co.uk,Not-Real-Statire
b74158ab-bea1-48a9-a8d8-a61bbedfa111.txt,https://rochdaleherald.co.uk/2019/01/16/possible-to-know-same-amount-about-brexit-by-trying-to-hide-from-it-as-by-reading-up-on-it/,rochdaleherald.co.uk,Not-Real-Statire
0611a663-edd2-4f05-a600-47400c3407b5.txt,https://rochdaleherald.co.uk/2019/01/16/gillette-admit-razors-not-suitable-for-sensitive-skin/,rochdaleherald.co.uk,Not-Real-Statire
44bd7165-c026-4a39-903c-6f65c03d295f.txt,https://rochdaleherald.co.uk/2019/01/15/men-applaud-new-gillette-advert-that-features-man-carving-his-initials-into-girlfriends-face-with-razor/,rochdaleherald.co.uk,Not-Real-Statire
4eefd5b2-0812-45ef-9d11-8b632cd16637.txt,https://rochdaleherald.co.uk/2019/01/15/tfl-confirms-london-underground-to-be-extended-to-scotland-by-2021/,rochdaleherald.co.uk,Not-Real-Statire
159446ef-0f53-4b4b-b962-a7ff88d84a27.txt,https://www.federaltimes.com/management/budget/2019/01/26/government-to-reopen-for-now-with-back-pay-top-priority/,www.federaltimes.com,Real
09bc89e7-21f7-44cc-886e-7e5fc0fa5c31.txt,https://www.federaltimes.com/management/pay-benefits/2019/01/16/federal-workers-take-on-odd-jobs-to-make-ends-meet/,www.federaltimes.com,Real
d68522bd-92af-46f2-bf48-5a4013f033a7.txt,https://www.federaltimes.com/management/pay-benefits/2019/01/15/businesses-offer-free-and-discounted-services-to-furloughed-feds/,www.federaltimes.com,Real
60c2c6b0-2757-4bbe-8387-43d5dcd844ff.txt,https://www.federaltimes.com/management/2019/01/22/aerospace-organizations-call-out-human-and-economic-consequences-of-shutdown/,www.federaltimes.com,Real
88fbe424-9e41-46c5-b050-dbe378a7be8c.txt,https://www.federaltimes.com/management/2019/01/17/how-the-2019-shutdown-could-impact-a-whole-generation-of-workers/,www.federaltimes.com,Real
399d84e2-570a-459e-bbb2-8e28a2ef1193.txt,https://www.federaltimes.com/management/budget/2018/12/21/shutdown-watch-house-passes-cr-with-border-wall-funding/,www.federaltimes.com,Real
cccd9fb8-7799-4b8e-ad06-77667360bc48.txt,https://www.federaltimes.com/news/pentagon-congress/2019/01/25/trump-drops-wall-funding-demand-reaches-deal-to-end-the-government-shutdown/,www.federaltimes.com,Real
c9255b39-7cef-4391-8554-8cf57e38a553.txt,https://www.federaltimes.com/management/hr/2019/01/25/opm-calls-for-greater-flexibility-for-working-feds/,www.federaltimes.com,Real
136a8286-032f-4e73-80cf-fd7bdac069eb.txt,https://www.federaltimes.com/management/2019/01/24/inside-feds-struggles-to-make-ends-meet/,www.federaltimes.com,Real
e20fba40-ff0c-4152-b5b9-071438902ddd.txt,https://www.federaltimes.com/federal-oversight/congress/2019/01/24/votes-on-senate-bills-seen-as-progress-even-if-they-fail/,www.federaltimes.com,Real
8a256a88-95ca-4870-93fb-f38ed5a43be4.txt,https://www.dallasnews.com/business/business/2019/01/25/sec-chief-exposed-frack-master-arisebank-scams-resigns-fort-worth-post,www.dallasnews.com,Real
062896a9-fa44-4728-90fa-d0d5fa800a9a.txt,https://www.dallasnews.com/news/highland-park/2019/01/28/woman-pickup-carrying-trailer-car-leads-officials-chase-highland-park-frisco,www.dallasnews.com,Real
b9696790-a0e6-4bb8-ba45-6da08a75c67f.txt,https://www.dallasnews.com/business/business/2019/01/25/sec-chief-exposed-frack-master-arisebank-scams-resigns-fort-worth-post,www.dallasnews.com,Real
6738c966-f537-41e4-974f-a46810cea2b5.txt,https://www.dallasnews.com/opinion/commentary/2019/01/28/after-ted-cruzs-close-race-againstbeto-orourke-john-cornyn-starting-re-election-bid-early,www.dallasnews.com,Real
d8281add-ca21-4e1e-b8b9-318d0d49b758.txt,https://www.dallasnews.com/news/texas-legislature/2019/01/27/amarillo-republican-made-lewd-comment-also-reputation-man-integrity-sen-kel-seliger,www.dallasnews.com,Real
0a157dd3-9c34-4997-a952-da58ede92c3a.txt,https://www.dallasnews.com/business/real-estate/2019/01/28/water-emerges-key-325-million-sale-37000-acreranch-permian-basin,www.dallasnews.com,Real
fa91dc5f-9e77-448e-ba86-ee509bd0e282.txt,https://www.dallasnews.com/business/business/2019/01/28/dallas-lands-5th-annual-ranking-best-performing-cities,www.dallasnews.com,Real
17ca5e62-8284-4876-82c7-30415ec82e96.txt,https://www.dallasnews.com/news/texas-legislature/2019/01/28/after-picking-12-texas-house-seats-grand-prairie-democratic-leader-says-much-stronger,www.dallasnews.com,Real
f703ce95-41b9-4261-abf7-0dcdf8069aee.txt,https://www.dallasnews.com/news/crime/2019/01/27/man-charged-capital-murder-death-18-year-old-northeast-dallas-parking-garage,www.dallasnews.com,Real
dd5d9694-da38-46ef-ba9f-f58dd4a1c0e8.txt,https://www.dallasnews.com/news/texas-legislature/2019/01/28/after-picking-12-texas-house-seats-grand-prairie-democratic-leader-says-much-stronger,www.dallasnews.com,Real
ff0df2d2-4b1c-474c-b50a-0083443b9892.txt,https://www.denverpost.com/2019/01/28/trump-energy-sector-regulation-rollback/,www.denverpost.com,Real
4cbd24d8-009c-46ba-bf00-8045ed91f1c9.txt,https://www.denverpost.com/2019/01/28/denver-snow-road-conditions-closures-traffic/,www.denverpost.com,Real
d7de4a75-027e-4c37-9653-94667c06a61b.txt,https://www.denverpost.com/2019/01/28/denver-international-airport-delays/,www.denverpost.com,Real
b87426b0-3a89-404d-a51c-581359c8b4b6.txt,https://www.denverpost.com/2019/01/27/shooting-inca-6th-street-denver/,www.denverpost.com,Real
acc22b64-41ba-4d8d-8552-596298a3c428.txt,https://www.denverpost.com/2019/01/28/colorado-snow-totals-jan-28-2019/,www.denverpost.com,Real
c0d20fc1-3849-458e-8c52-7349e9a87685.txt,https://www.denverpost.com/2019/01/27/white-house-shutdown-threat-wall/,www.denverpost.com,Real
a3f1642d-504e-4cf6-b370-d5ef7d3d5bc3.txt,https://www.denverpost.com/2019/01/27/hunters-kills-bear-cub-alaska/,www.denverpost.com,Real
76aed73a-055a-4c74-b487-c816c0f923cc.txt,https://www.denverpost.com/2019/01/28/havana-cuba-tornado/,www.denverpost.com,Real
bbe2c38d-3951-408a-ad3f-d2307bf8f041.txt,https://www.denverpost.com/2019/01/25/government-shutdown-deal-colorado-reaction/,www.denverpost.com,Real
4684682f-204e-4bc2-a2ca-8e48fb191487.txt,https://www.denverpost.com/2019/01/24/trump-administration-asylum-seekers/,www.denverpost.com,Real
7f635714-2c36-4969-834c-1a9b71cd864e.txt,http://www.molonlabemedia.com/2017/03/22/cia-proof-trump-illegal-surveillance/,www.molonlabemedia.com,Not-Real-Other
6f2b3e6b-6e94-4741-b90a-7cd0cf2ce301.txt,http://www.molonlabemedia.com/2017/03/16/irish-slavery-truth-white-slaves-slavery/,www.molonlabemedia.com,Not-Real-Other
b46f86b0-ecdf-4338-a8bd-8782792cd47a.txt,http://www.molonlabemedia.com/2017/02/22/ar-15-not-protected-2nd-court-rules/,www.molonlabemedia.com,Not-Real-Other
e3b23266-9b81-4676-85dc-2fa3791f5599.txt,http://www.molonlabemedia.com/2017/02/16/new-natsec-brilliant-plan-stop-leaks/,www.molonlabemedia.com,Not-Real-Other
24e12a9f-9f06-48a0-a9c4-b8b39d9b60a2.txt,http://www.molonlabemedia.com/2016/11/30/apple-removes-breitbart-app-store/,www.molonlabemedia.com,Not-Real-Other
f55a64c2-5ebe-41d8-8b62-7062ceefdebe.txt,http://www.molonlabemedia.com/2017/02/16/new-natsec-brilliant-plan-stop-leaks/,www.molonlabemedia.com,Not-Real-Other
9f52848c-61ba-4076-9875-ef283e8ba73c.txt,http://www.molonlabemedia.com/2016/11/16/twitter-suspends-conservative-accounts/,www.molonlabemedia.com,Not-Real-Other
d5dd7a42-af63-49d3-be37-351b742bd49c.txt,http://www.molonlabemedia.com/2016/11/10/hillary-files-divorce/,www.molonlabemedia.com,Not-Real-Other
1318d1b6-de97-4a25-bfcb-4ccd7910d7a9.txt,http://www.molonlabemedia.com/2016/11/14/three-million-votes-illegal-aliens/,www.molonlabemedia.com,Not-Real-Other
5eac3e5c-4384-4e45-8606-71c7ee553b75.txt,http://www.molonlabemedia.com/2016/11/29/pizzagate-pedophilia-elite-john-podesta/,www.molonlabemedia.com,Not-Real-Other
7bfcbe4e-7642-4685-aa57-dec0cb4798de.txt,http://www.molonlabemedia.com/2016/11/07/clinton-opportunities-kill-bin-laden/,www.molonlabemedia.com,Not-Real-Other
908ac457-121f-4ab4-bedd-8c94ef54c185.txt,http://www.molonlabemedia.com/2017/01/04/facebook-security-watching-watchers/,www.molonlabemedia.com,Not-Real-Other
7635ac46-7e53-4a0b-9f37-46ee9bc8a555.txt,http://www.molonlabemedia.com/2016/12/20/racist-mtv-posts-racist-video-2016/,www.molonlabemedia.com,Not-Real-Other
1379ad53-28e6-455b-b8df-fa993ffaaa19.txt,http://www.molonlabemedia.com/2016/11/02/fbi-clinton-foundation-indictment/,www.molonlabemedia.com,Not-Real-Other
f9c5bec6-1329-4d80-8d2d-6d9071625809.txt,http://www.molonlabemedia.com/2016/11/04/comey-fbi-raids-arrests-clinton-probe/,www.molonlabemedia.com,Not-Real-Other
44b6be2e-bcfb-4705-abe5-6fdba447a45d.txt,http://www.molonlabemedia.com/2016/11/04/hillary-wikileaks-funding-isis/,www.molonlabemedia.com,Not-Real-Other
dcecd785-6196-4784-8cd0-df12438bdedd.txt,http://www.molonlabemedia.com/2016/11/16/twitter-suspends-conservative-accounts/,www.molonlabemedia.com,Not-Real-Other
ce607702-ac18-46e2-af65-0c1c56eee02b.txt,http://www.molonlabemedia.com/2016/11/30/va-veterans-infected-hepatitis-hiv/,www.molonlabemedia.com,Not-Real-Other
5e095de4-c9fc-4c85-bcc9-012869354b1e.txt,http://www.molonlabemedia.com/2016/07/27/idaho-rep-legislature-rape-5-year-old/,www.molonlabemedia.com,Not-Real-Other
95d785d1-ab11-4fbc-9953-95dc2d5efae6.txt,http://www.molonlabemedia.com/2016/07/26/volunteers-aid-kurdish-fighters-isis/,www.molonlabemedia.com,Not-Real-Other
4b082f81-717e-4d1a-b960-40a6635aa85f.txt,https://swampdrain.com/2019/02/08/democrat-rep-puts-his-full-irritation-on-display-while-grilling-whitaker-keep-your-hands-off-the-mueller-investigation/,swampdrain.com,Not-Real-Other
1adab8ab-5e0c-4778-b6f6-78961f20c947.txt,https://swampdrain.com/2019/02/03/rep-jordan-laid-out-three-key-facts-with-bruce-ohrs-testimony-that-wrecks-schiffs-report/,swampdrain.com,Not-Real-Other
c5078008-a410-454f-b84e-b069390cff17.txt,https://swampdrain.com/2019/02/04/let-the-games-begin-four-democrats-set-to-boycott-the-sotu-address-as-2nd-shutdown-looms/,swampdrain.com,Not-Real-Other
a5b4bad2-1026-4413-b2c6-5d5eae653374.txt,https://swampdrain.com/2019/02/05/tom-fitton-suggests-why-muellers-probe-is-likely-far-from-over-they-will-be-harassing-this-president-as-long-as-hes-president/,swampdrain.com,Not-Real-Other
850f3c40-be0d-4ec6-bfae-87ad3eea39b0.txt,https://swampdrain.com/2019/02/05/bitter-dems-refuse-to-stand-or-clap-for-trump-during-these-profound-moments-of-the-sotu/,swampdrain.com,Not-Real-Other
9754aae0-2fef-4da8-9781-112d9de265e3.txt,https://swampdrain.com/2019/02/07/trey-gowdy-lays-out-three-reasons-rep-nadler-wants-to-subpoena-acting-ag-whitaker/,swampdrain.com,Not-Real-Other
18db23c0-a81b-4738-b587-882749074625.txt,https://swampdrain.com/2019/02/08/cohen-rabidly-asks-whitaker-if-hes-interfering-with-muellers-prove-instantly-gets-shut-down/,swampdrain.com,Not-Real-Other
a79daf45-4dde-4fa7-9293-78c7d45fde65.txt,https://swampdrain.com/2019/02/06/ted-cruz-slams-dems-who-sat-while-trump-rebuked-socialism-they-sorted-the-wheat-from-the-chaff/,swampdrain.com,Not-Real-Other
4cf27ba8-3f33-437b-9aa8-d989eb1840f5.txt,https://swampdrain.com/2019/01/24/graham-fires-back-after-pelosi-cancels-trumps-sotu-nancy-pelosi-has-become-a-nightmare-for-the-dem-party/,swampdrain.com,Not-Real-Other
734b7ce7-263b-46e6-a549-5de76f965dea.txt,https://swampdrain.com/2019/01/29/tucker-lays-out-how-he-knows-major-network-is-working-as-mueller-teams-pr/,swampdrain.com,Not-Real-Other
9c11a557-bdef-4d2d-b7ae-39784dd07174.txt,http://www.dailydiscord.com/?p=17737,www.dailydiscord.com,Not-Real-Statire
d13f9776-0003-4855-b5aa-7202d21f5b77.txt,http://www.dailydiscord.com/?p=17666,www.dailydiscord.com,Not-Real-Statire
d8acc900-7ae5-4879-83cb-cf6f7a782a97.txt,http://www.dailydiscord.com/?p=17633,www.dailydiscord.com,Not-Real-Statire
994dc83e-9e62-47c1-8c98-304868c35a75.txt,http://www.dailydiscord.com/?p=17642,www.dailydiscord.com,Not-Real-Statire
fbab7c12-1563-45c1-84f0-c5ee3eb50577.txt,http://www.dailydiscord.com/?p=17494,www.dailydiscord.com,Not-Real-Statire
968b7d7e-752e-4869-8fa2-def76073f9f9.txt,http://www.dailydiscord.com/?p=17650,www.dailydiscord.com,Not-Real-Statire
03e0fb05-92f3-4d21-bc38-aedfc4dab839.txt,http://www.dailydiscord.com/?p=17558,www.dailydiscord.com,Not-Real-Statire
542e522b-3ef1-4943-8e18-5952713ffff9.txt,http://www.dailydiscord.com/?p=17741,www.dailydiscord.com,Not-Real-Statire
0cd7f0e2-2e32-41de-8982-200c728aa338.txt,http://www.dailydiscord.com/?p=17609,www.dailydiscord.com,Not-Real-Statire
c4b3e2f3-2e8c-4685-9831-7f16ec8d6871.txt,http://www.dailydiscord.com/?p=17597,www.dailydiscord.com,Not-Real-Statire
b4e197e1-d5fd-4dd0-8161-5f6cb5dba718.txt,https://local.theonion.com/sensei-s-assistant-really-getting-his-ass-whipped-1832590633,local.theonion.com,Not-Real-Statire
9b916cbb-875c-4f85-9453-3ae0ac8d8240.txt,https://politics.theonion.com/trump-invites-supporter-bbc-cameraman-to-finish-alterc-1832572550,politics.theonion.com,Not-Real-Statire
1ef765a0-64da-4098-b539-d66ed1506585.txt,https://www.theonion.com/national-geographic-increases-ideological-diversity-b-1832592053,www.theonion.com,Not-Real-Statire
6f6f0c0d-e789-4d81-9b1d-2377c091fb14.txt,https://local.theonion.com/ultrasound-technician-asks-pregnant-woman-if-she-d-like-1832561842#_ga=2.214615317.344558766.1550080643-293846836.1547076511,local.theonion.com,Not-Real-Statire
563b4510-9499-4e74-beda-0de77a8f538f.txt,https://politics.theonion.com/parasitic-space-worm-controlling-mark-kelly-s-body-anno-1832564499,politics.theonion.com,Not-Real-Statire
1ae62946-6b01-44c5-9ed8-c7562f545e78.txt,https://politics.theonion.com/nation-horrified-to-discover-cory-booker-already-a-sena-1832568259,politics.theonion.com,Not-Real-Statire
a50266ec-8b58-43d1-981c-2ee0b20910c5.txt,https://local.theonion.com/character-witness-told-he-doesn-t-have-what-it-takes-to-1832560501,local.theonion.com,Not-Real-Statire
d311a05a-9b24-4212-8f66-7fd79bffeada.txt,https://politics.theonion.com/amy-klobuchar-pledges-to-fight-everyday-americans-1832539124,politics.theonion.com,Not-Real-Statire
76a34e93-e57e-4c26-9203-a0fbe2d9a92d.txt,https://local.theonion.com/lazy-poor-person-has-never-earned-passive-income-from-s-1832537497,local.theonion.com,Not-Real-Statire
4596506f-86b7-41d7-914e-6150ac8fb89d.txt,https://www.dailysquib.co.uk/world/31139-why-black-people-never-commit-any-crimes.html,www.dailysquib.co.uk,Not-Real-Statire
ad5f099f-d3cd-403d-b687-1a3c6ea30170.txt,https://www.dailysquib.co.uk/world/31143-trump-delivers-state-of-the-disunion-speech.html,www.dailysquib.co.uk,Not-Real-Statire
0163479f-a8c6-4608-9ec1-9b7ee57da1b9.txt,https://www.dailysquib.co.uk/world/31162-tusk-hell-is-the-eu-because-there-is-no-escape.html,www.dailysquib.co.uk,Not-Real-Statire
14736790-3fef-45fc-bac2-6c8f12cde790.txt,https://www.dailysquib.co.uk/entertainment/31171-meghan-could-give-birth-to-bunch-of-bananas-says-doctor.html,www.dailysquib.co.uk,Not-Real-Statire
5118039f-df62-44f2-8af2-db962585d246.txt,https://www.dailysquib.co.uk/world/31177-how-the-goy-slaves-rebelled-against-sir-philip-green.html,www.dailysquib.co.uk,Not-Real-Statire
7326e2fc-94b4-4534-9a5e-a90f56ed4751.txt,https://www.dailysquib.co.uk/world/31186-why-any-literate-person-should-never-use-the-word-woke-ungrammatically.html,www.dailysquib.co.uk,Not-Real-Statire
8fc1abcb-1b2e-4d57-90f7-e0a28c388a3e.txt,https://www.dailysquib.co.uk/world/31204-abortion-may-be-unsavoury-but-world-needs-more-urgently.html,www.dailysquib.co.uk,Not-Real-Statire
b62d4f93-a1bc-480b-b914-334917580695.txt,https://www.dailysquib.co.uk/world/31076-socialist-u-s-politician-hospitalised-after-face-splits-during-speech.html,www.dailysquib.co.uk,Not-Real-Statire
f974e8e1-ec98-42f5-a2fb-e3a8e6f20e94.txt,https://www.dailysquib.co.uk/world/31100-what-became-of-the-treacherous-brexit-saboteurs.html,www.dailysquib.co.uk,Not-Real-Statire
9a1b6e8a-7d5a-4073-b6a2-c52bd89a301c.txt,https://www.dailysquib.co.uk/world/31064-trump-no-i-am-not-a-lame-duck-president.html,www.dailysquib.co.uk,Not-Real-Statire
a026c1be-bc7c-4692-8f6d-53f514fdb7d9.txt,https://www.dailysquib.co.uk/sports/31083-horse-racing-more-uk-and-irish-trainers-are-searching-for-success-down-under.html,www.dailysquib.co.uk,Not-Real-Statire
26e43e00-8d95-4451-acf8-fbe192be6704.txt,https://www.i24news.tv/en/news/international/middle-east/195268-190213-saudi-prince-to-israeli-tv-netanyahu-is-deceiving-israeli-public,www.i24news.tv,Real
ace63069-78b9-4dfb-858e-d8b4f1d750ce.txt,https://www.i24news.tv/en/news/israel/politics/195257-190213-gantz-tells-netanyahu-to-stop-endangering-soldiers-by-revealing-secret-idf-ops,www.i24news.tv,Real
cbd3b286-9a3a-4ad3-ae4d-02118f980907.txt,https://www.i24news.tv/en/news/international/middle-east/195249-190213-suicide-bombing-on-army-transport-kills-at-least-20-wounds-20-in-southeast-iran,www.i24news.tv,Real
cb0c8b72-f608-4df5-928d-8f8a2a4ded51.txt,https://www.i24news.tv/en/news/international/middle-east/195232-190213-warsaw-summit-netanyahu-expected-to-tout-warming-ties-with-arab-countries,www.i24news.tv,Real
8a2fff01-55a1-4875-8d91-017d98b11ce2.txt,https://www.i24news.tv/en/news/international/middle-east/195265-190213-israel-refused-un-security-council-visit-to-hebron,www.i24news.tv,Real
b0709708-41f5-4c69-84af-16be3200bba6.txt,https://www.i24news.tv/en/news/international/europe/195242-190213-iran-s-zarif-says-warsaw-meeting-dead-on-arrival,www.i24news.tv,Real
3297be60-046e-48b5-818f-98f718d7f654.txt,https://www.i24news.tv/en/news/international/middle-east/195224-190213-shin-bet-hamas-run-al-aqsa-tv-used-to-recruit-west-bank-residents-for-attacks,www.i24news.tv,Real
3e977581-243d-4eb4-8d69-8e12cdfe2ded.txt,https://www.i24news.tv/en/news/culture/168585-180226-weinstein-company-will-file-for-bankruptcy-media,www.i24news.tv,Real
03083df2-d920-4f33-8ea5-940147dffd70.txt,https://www.i24news.tv/en/news/international/americas/195204-190213-trump-says-not-happy-with-border-deal-but-shutdown-unlikely,www.i24news.tv,Real
063f65ab-7c92-4677-9af7-9c6391876033.txt,https://www.i24news.tv/en/news/technology/194192-190129-iphone-facetime-bug-lets-callers-eavesdrop-and-sneak-a-peek,www.i24news.tv,Real
7e537240-aef0-4586-b9ce-3e2044355277.txt,https://rsf.org/en/news/thai-tv-channel-suspended-15-days-major-blow-pluralism,rsf.org,Real
ba57a807-5fcb-4862-8846-6e3a2d128cab.txt,https://rsf.org/en/news/forty-years-state-lies-rsf-unveils-leaked-iranian-justice-file,rsf.org,Real
fca76e8e-28d9-473c-b28e-aaf391d3e7d9.txt,https://rsf.org/en/news/japan-urged-stop-restricting-its-journalists-foreign-travel,rsf.org,Real
0de2c0d3-5eb7-4ff9-89c9-e257c8ac3f53.txt,https://rsf.org/en/news/philippine-website-editor-held-defamation-charge,rsf.org,Real
7615b0c3-dcc0-4e9d-99d2-6c4aec46e095.txt,https://rsf.org/en/news/local-radio-journalist-shot-dead-southeastern-mexico,rsf.org,Real
cf5c5535-337c-402d-b2b7-b07f020211a3.txt,https://rsf.org/en/news/canada-whistleblower-fired-quebec-agricultural-ministry-sharing-confidential-information-news-outlet,rsf.org,Real
da70d0f3-945a-4911-a88b-626f83e72414.txt,https://rsf.org/en/news/no-progress-last-mays-shooting-attack-montenegrin-crime-reporter,rsf.org,Real
8a305392-6624-453a-93eb-3d5d0e028818.txt,https://rsf.org/en/news/guarantee-press-freedom-nepal-must-amend-its-new-criminal-code,rsf.org,Real
7a8fbd9f-1f8d-464a-a6d5-c47615958279.txt,https://rsf.org/en/news/unacceptable-call-al-jazeeras-closure-gulf-crisis,rsf.org,Real
927b768c-dab7-4a4f-996f-e67fe3156a50.txt,https://rsf.org/en/news/two-journalists-facing-serious-charges-run-elections,rsf.org,Real